	FoldChange	log2(FC)	p.value	-log10	fdr
L-asparagine	0.126201106930444	-2.9862035303984498	1.29084725559597e-05	4.8891251442373695	0.000169654210735471
beta-cyano-L-alanine	0.126920327263525	-2.9780049485313396	5.19299990913973e-05	4.28458168500366	0.000398129993034046
Beta- alanine	0.133614777172754	-2.9038485228918702	3.02137776720505e-05	4.519794970868491	0.00025269704962078597
L-glutamine	0.152683100370936	-2.7113877076726403	6.15679280058601e-05	4.21064546181802	0.00043571149050301
5,6-dihydrouracil	0.166922434735079	-2.58275022583166	6.4635942425346806e-06	5.1895259145724495	9.91084450521984e-05
allantoin	0.213289913654381	-2.2291123517352096	2.26273377130134e-06	5.64536654125357	6.93905023199079e-05
stearic acid	0.23899316356624997	-2.0649587445898403	0.18151811111903302	0.741080036376366	0.29297660040265
L-threonine	0.270068975883814	-1.8886001748082502	3.81362548181568e-06	5.418661959210089	8.77133860817605e-05
caffeic acid	3.17051036124994	1.6647150915886297	0.00866220108233854	2.0623717388772	0.0241491666537923
shikimic acid	2.9919449467033195	1.58108362915308	0.00454191248334519	2.3427612383167298	0.0139285316155919
L-valine	0.34555426514836995	-1.53301580854872	1.8219272980005002e-06	5.739468957059599	6.93905023199079e-05
gamma-aminobutyric acid (GABA)	0.349517966167443	-1.51656147895906	1.41183574712721e-07	6.85021582613523	1.29888888735704e-05
3,5-dimethoxy-4-hydroxycinnamic acid	2.8116056779738905	1.4913942735277	0.000905890400758326	3.04292434230675	0.00396866270808409
capric acid	0.364595188532626	-1.45563257225393	1.5000071047450799e-05	4.8239066839147995	0.000172500817045685
L-serine	0.36692912646391995	-1.4464266660784098	2.7097680577921803e-05	4.56706788090858	0.00025269704962078597
1,3-diaminopropane	0.38248388901450203	-1.38652911499946	0.000142198935151525	3.8471036557831	0.0008176438771212679
L-proline	0.399763723734125	-1.3227805331684699	0.007227018945281291	2.14104080679848	0.0207776794676837
itaconic acid	0.417460679944681	-1.26028777639108	0.00432727764963207	2.36378523841935	0.013727915302281
aspartic acid	0.43533934537072705	-1.1997876800773	5.0216490308673e-06	5.29915364392976	9.23983421679583e-05
maleic acid	2.21457159280647	1.14702763751102	9.13766323579055e-05	4.03916485170086	0.000562040282762142
succinic acid	2.20007828865497	1.13755486222479	9.163700262426221e-05	4.03792912468814	0.000562040282762142
Antiarol	0.46454569359340203	-1.10610758508591	0.0019225062975618899	2.7161322289039598	0.007369607473987259
spermidine	0.488621805266255	-1.03320984804938	0.00173545334069764	2.76058705825298	0.00694181336279056
threonic acid	0.494842463668121	-1.01495878799504	0.0002323305239983	3.63389372806819	0.00125731812987315
galactinol	1.97353373585258	0.980781181065939	0.120402570103861	0.9193642425631461	0.213019931722216
elaidic acid	1.9714758424866203	0.9792760324653721	0.0034316485545336	2.4644971959521698	0.0112754166791818
L-glutamic acid	0.514442582608573	-0.9589180292518659	2.94490903490188e-05	4.530928115562889	0.00025269704962078597
myristic acid	0.5176596239628211	-0.949924298574231	0.00318932983192685	2.49630056486536	0.010867346093973001
myo-inositol	1.9172915452080301	0.939069731291379	0.0233070371555225	1.63251293148976	0.0549807030335402
citric acid	0.555921381135136	-0.8470472246477041	0.000753681344020449	3.12281223474712	0.00346693418249407
adenosine	0.563171781050634	-0.82835304848008	0.00114848361793649	2.9398751952365	0.00480274967500714
quinic acid	1.72409793680899	0.7858417285659499	0.004764133183755639	2.32201610609739	0.0141387178356619
3,4 dihydroxyphenylalanine (DOPA)	1.7133640191268602	0.7768316971293441	0.0775845965909003	1.11022449368509	0.152543035443176
dehydroascorbic acid	0.602272772635974	-0.731511055410157	0.00241353504204235	2.6173463912910497	0.00888180895471586
L-homoserine	0.653847632464827	-0.6129736143596469	0.0146165694800907	1.83515454466189	0.0365025898804686
serotonin	0.656669956999314	-0.6067596422049361	0.03539610609766101	1.45104451179664	0.0757312037438328
3,4-dihydroxybenzoic acid 	1.49586198151997	0.580977068432478	0.17038233500409397	0.768575434263758	0.28178940249744
alpha ketoglutaric acid	1.4732473496637197	0.5589996708184389	0.0289787132667222	1.5379209022868099	0.0666510405134611
L-alanine	1.40819486867072	0.49384699065980203	0.0005869926444385969	3.23136734083031	0.00300018462713061
oxalic acid	1.40414686170482	0.48969383704747105	0.000642012337939433	3.1924566257512	0.00310869132054883
arachidic acid	0.72290409414847	-0.468123833705596	0.00308312754716041	2.51100850839638	0.010867346093973001
L-leucine	0.7317081374688951	-0.4506597914499871	0.10557246827564801	0.9764493245570859	0.190739001047161
L-Isoleucine	0.732025945701226	-0.450033311034979	0.10573575058049099	0.9757781474634201	0.190739001047161
L-tryptophan	1.3480437719470502	0.430867342621904	0.0146803894084493	1.83326242427705	0.0365025898804686
D-malic acid	0.74373056860433	-0.42714802427775	0.0144461682313807	1.84024733191413	0.0365025898804686
glyceric acid	0.7476566676003871	-0.41955217459005795	0.00941839604491755	2.02602305136347	0.0254850716509534
benzoquinone	1.33708606989552	0.41909233649692296	0.0196774327224467	1.7060315637911	0.0476401002753973
eicosapentaenoic acid	0.752600362419499	-0.410044110742413	0.123462085673965	0.9084663906684141	0.214311544943486
4-hydroxybenzoic acid	1.2917738476212	0.369353517807485	0.251194127236111	0.599990518353492	0.39169253738512205
D-glucose-6-phosphate	0.7784626159649789	-0.361300336324143	0.105373981827399	0.9772666087029399	0.190739001047161
adenine	0.7868440093827499	-0.34585044288529704	0.425252870622601	0.371352746048498	0.551031888694074
fumaric acid	0.78845959676702	-0.34289126636149897	0.0779295941937964	1.10829758527569	0.152543035443176
glycine	0.825639888847792	-0.276415422027432	0.031892043185214	1.4963176564974199	0.0715626334887729
ethanolamine	0.827200568221344	-0.27369091821682395	0.0329122462096314	1.482642476771	0.0720934916972879
L-lysine	1.2067212943421	0.271092508155728	0.37628235783613	0.424486143290634	0.528958703587512
glycerol	1.17948834702304	0.23816116527079198	0.28857544254898304	0.539740629650184	0.442482345241773
4-hydroxy-3-methoxybenzoic acid	1.16617788680704	0.22178787159150898	0.31090145736123104	0.507377242181776	0.468900558643168
L-mimosine	0.8670598282852879	-0.20579655012245301	0.439504751283307	0.357036425607346	0.553896398877592
D-saccharic acid	0.872139915909761	-0.197368492228529	0.516463240429897	0.28696058420550297	0.625192343678296
Sucrose	1.142903423782	0.192703499862662	0.0538521793672249	1.26879671635843	0.11260001140419802
heptanoic acid	1.13523746916147	0.18299411227127302	0.390969476564683	0.40785714714882704	0.528958703587512
lactose	1.1340860492271299	0.181530109489524	0.0935668518250906	1.02887798266375	0.17933646599808997
4-hydroxycinnamic acid	0.887045366165902	-0.17292020471401098	0.330925797102008	0.48026937638092204	0.491051182796528
lauric acid	0.889529612853025	-0.168885460609008	0.151520922460339	0.819527394345187	0.258146756784282
benzoic acid	1.1165656876173202	0.159068127481137	0.0682136179887284	1.16612891527064	0.139458952332511
xylose	1.11299287552892	0.154444357754452	0.43168631546875397	0.3648317183361	0.5515991808767421
pantothenic acid	0.8986664390143859	-0.15414236966821498	0.5384738897537029	0.268835350510488	0.627083517181527
Trehalose	1.1125546901931498	0.153876256826109	0.490579558005692	0.309290552400099	0.609909720763833
pelargonic acid (nonanoic acid)	0.901533323024485	-0.149547276470263	0.186749141610165	0.7287413857365279	0.29622277634715805
glycerol 1-phosphate	0.9021364996994939	-0.148582354820756	0.40969270926396795	0.387541764517937	0.540530635702039
beta-gentiobiose	1.10394561718457	0.14266910350141102	0.5287106722565371	0.27678192308203803	0.625708596728062
ferulic acid	1.0935262731842401	0.12898788315442097	0.17152398412887598	0.765675144154472	0.28178940249744
trans-aconitic acid	1.0911673606405798	0.125872395748343	0.4112733097732911	0.38586947379812897	0.540530635702039
phosphoric acid	1.08417637078258	0.116599469381562	0.389527777965225	0.40946156652323	0.528958703587512
Pyruvic acid	1.08008613998217	0.111146376064096	0.349350436198737	0.45673871014948	0.510162541750536
2-hydroxypyridine	0.9332448247135159	-0.0996724917671053	0.570539999718604	0.243713902432265	0.64802074042113
fructose	0.933902038571354	-0.0986568681637248	0.371798298078663	0.4296926025596479	0.528958703587512
acetohydroxamic acid	1.06522558958997	0.0911589915011101	0.500502937381306	0.300593369363985	0.6139502698544019
arbutin	0.9641742901990791	-0.0526341342434397	0.9182963858252309	0.0370171249493076	0.949250196583385
palmitic acid	1.03267483298249	0.0463860521765875	0.388527778103973	0.41057792552199995	0.528958703587512
D-mannose	0.9714898420182919	-0.0417291839418499	0.656969739516463	0.18245463388569697	0.730381329720168
D-glucose	0.971681913248486	-0.041443979907312	0.658930982247543	0.18116007189879801	0.730381329720168
D-mannitol	0.972394884811127	-0.0403857906579373	0.668121947451474	0.175144261668676	0.731752609113519
glyoxylic acid	1.02625046078804	0.0373828697755189	0.858984680154514	0.0660145816678125	0.8980294383433559
benzene-1,2,4-triol 	0.978056186582919	-0.0320107485481364	0.555747228262244	0.255122694627019	0.63910931250158
1,6-anhydro-glucose 	1.0220581909400401	0.0314773385364668	0.530492071139009	0.275321102783016	0.625708596728062
tyrosine	0.981421148893385	-0.0270557341447075	0.8348839570067951	0.0783738841976584	0.882865793616381
sedoheptulose anhydride monohydrate	0.983322518742021	-0.024263412934526	0.831014063807989	0.080391626297092	0.882865793616381
ribose	1.01282832789593	0.018389661323845	0.8042274088028559	0.0946211298292369	0.8704579012925029
nicotinic acid	1.00940794805357	0.0135093515392695	0.9395330373640379	0.0270879439374495	0.9604115493054609
3-hydroxypyridine	0.9968915910124899	-0.00449147051708764	0.965616944671303	0.0151951218329561	0.9762281198874709
maltose	1.0005525696025899	0.000796969255177469	0.9959496081787741	0.00176263491318341	0.9959496081787741
